{
    "T5-LoRA": {
        "turn-by-turn": {
            "_runtime": 23021.37850242,
            "_step": 75,
            "_timestamp": 1763938466.076159,
            "_wandb.runtime": 23025,
            "eval/avg_jaccard": 0.0865861447212565,
            "eval/bleu": 0.03876614714231915,
            "eval/bleu1": 0.3105210930529265,
            "eval/bleu2": 0.08634857220683706,
            "eval/bleu3": 0.040847442425933495,
            "eval/bleu4": 0.022712467013371315,
            "eval/gen_length": 10.103413039035356,
            "eval/loss": 1.7094753980636597,
            "eval/rouge1": 0.2250677976777439,
            "eval/rouge2": 0.07682014317574126,
            "eval/rougeL": 0.20069159983146173,
            "eval/rougeLsum": 0.20072623557215652,
            "eval/runtime": 715.6817,
            "eval/samples_per_second": 13.674,
            "eval/steps_per_second": 1.71,
            "test/avg_jaccard": 0.09116451137378014,
            "test/bleu": 0.040062753051133784,
            "test/bleu1": 0.3153366880371699,
            "test/bleu2": 0.0901546350309538,
            "test/bleu3": 0.04217003223499211,
            "test/bleu4": 0.02274576160879893,
            "test/gen_length": 10.189107106701762,
            "test/loss": 1.6903098821640017,
            "test/rouge1": 0.23305077776810249,
            "test/rouge2": 0.08158807951447944,
            "test/rougeL": 0.20761963023904284,
            "test/rougeLsum": 0.20752606372873356,
            "test/runtime": 707.2202,
            "test/samples_per_second": 13.967,
            "test/steps_per_second": 1.746,
            "total_flos": 81230318193024000,
            "train/epoch": 3,
            "train/global_step": 14967,
            "train/grad_norm": 1.0214589834213257,
            "train/learning_rate": 0.000001506877721711481,
            "train/loss": 1.8535,
            "train_loss": 1.939155579123029,
            "train_runtime": 22298.3156,
            "train_samples_per_second": 10.738,
            "train_steps_per_second": 0.671
        },
        "full-dialogue": {
            "_runtime": 18897.098573421,
            "_step": 32,
            "_timestamp": 1763988011.8194382,
            "_wandb.runtime": 18901,
            "eval/avg_jaccard": 0.06471298806053148,
            "eval/bleu": 0.000007623387592840339,
            "eval/bleu1": 0.7503891978592807,
            "eval/bleu2": 0.37217769661718125,
            "eval/bleu3": 0.18512265732134697,
            "eval/bleu4": 0.09794060667179746,
            "eval/gen_length": 10.27548498239832,
            "eval/loss": 1.711983561515808,
            "eval/rouge1": 0.12703268007574092,
            "eval/rouge2": 0.05131320503136014,
            "eval/rougeL": 0.11143899155761128,
            "eval/rougeLsum": 0.1114165749360622,
            "eval/runtime": 735.9383,
            "eval/samples_per_second": 18.141,
            "eval/steps_per_second": 1.135,
            "test/avg_jaccard": 0.06537707617353236,
            "test/bleu": 0.000007439474236919517,
            "test/bleu1": 0.7563150460125886,
            "test/bleu2": 0.3768439050556524,
            "test/bleu3": 0.18338976901680976,
            "test/bleu4": 0.09197454411299671,
            "test/gen_length": 10.225419487783338,
            "test/loss": 1.7675997018814087,
            "test/rouge1": 0.12921662351761626,
            "test/rouge2": 0.052429002781428646,
            "test/rougeL": 0.11293185924387328,
            "test/rougeLsum": 0.11294489136422922,
            "test/runtime": 748.0612,
            "test/samples_per_second": 18.164,
            "test/steps_per_second": 1.136,
            "total_flos": 21146855453982720,
            "train/epoch": 1.7627442338768913,
            "train/global_step": 6000,
            "train/grad_norm": 0.3586045503616333,
            "train/learning_rate": 0.000043379324546952226,
            "train/loss": 1.8854,
            "train_loss": 2.2442225748697915,
            "train_runtime": 18083.4111,
            "train_samples_per_second": 18.067,
            "train_steps_per_second": 0.565
        }
    },
    "BART-LoRA": {
        "turn-by-turn": {
            "_runtime": 11145.388968619,
            "_step": 38,
            "_timestamp": 1762728078.602935,
            "_wandb.runtime": 11151,
            "eval/avg_jaccard": 0.09113330382262616,
            "eval/bleu": 0.04470965049803805,
            "eval/bleu1": 0.3112257469656384,
            "eval/bleu2": 0.09124914887565395,
            "eval/bleu3": 0.04495608874497586,
            "eval/bleu4": 0.025567386548610176,
            "eval/gen_length": 10.599529940731658,
            "eval/loss": 1.730242133140564,
            "eval/rouge1": 0.2283017960964321,
            "eval/rouge2": 0.07935674809852401,
            "eval/rougeL": 0.2015401821282111,
            "eval/rougeLsum": 0.20154156474370263,
            "eval/runtime": 671.9237,
            "eval/samples_per_second": 14.564,
            "eval/steps_per_second": 0.455,
            "test/avg_jaccard": 0.09982001011839783,
            "test/bleu": 0.04944506424983326,
            "test/bleu1": 0.31552331542310036,
            "test/bleu2": 0.09722720559398548,
            "test/bleu3": 0.04912472150229619,
            "test/bleu4": 0.02851519178314866,
            "test/gen_length": 10.927211986232033,
            "test/loss": 1.7130365371704102,
            "test/rouge1": 0.23871955878548015,
            "test/rouge2": 0.08727959879376143,
            "test/rougeL": 0.2106215503772406,
            "test/rougeLsum": 0.2106962664424495,
            "test/runtime": 658.2995,
            "test/samples_per_second": 15.005,
            "test/steps_per_second": 0.469,
            "total_flos": 49032336914896900,
            "train/epoch": 3,
            "train/global_step": 7485,
            "train/grad_norm": 82687.71875,
            "train/learning_rate": 0.0000033786685755189694,
            "train/loss": 2.0066,
            "train_loss": 2.0963450378948,
            "train_runtime": 10470.1692,
            "train_samples_per_second": 22.868,
            "train_steps_per_second": 0.715
        },
        "full-dialogue": {
            "_runtime": 22287.7061092,
            "_step": 52,
            "_timestamp": 1761304501.8398466,
            "_wandb.runtime": 22290,
            "eval/avg_jaccard": 0.061645317895269267,
            "eval/bleu": 0.0000067303126696629285,
            "eval/bleu1": 0.7461030723914773,
            "eval/bleu2": 0.4081752010793721,
            "eval/bleu3": 0.22715919217783137,
            "eval/bleu4": 0.1330218986101883,
            "eval/gen_length": 9.639877162759344,
            "eval/loss": 1.5042724609375,
            "eval/rouge1": 0.11620555279403462,
            "eval/rouge2": 0.04528484107928357,
            "eval/rougeL": 0.10348161769323956,
            "eval/rougeLsum": 0.11329310649206129,
            "eval/runtime": 707.3611,
            "eval/samples_per_second": 18.874,
            "eval/steps_per_second": 0.591,
            "test/avg_jaccard": 0.0617206764525668,
            "test/bleu": 0.000007486800238370452,
            "test/bleu1": 0.7443833406271255,
            "test/bleu2": 0.40801154079888224,
            "test/bleu3": 0.22770382132284608,
            "test/bleu4": 0.13575338325665737,
            "test/gen_length": 9.679643803355903,
            "test/loss": 1.4957925081253052,
            "test/rouge1": 0.11681921172209624,
            "test/rouge2": 0.04568798141623737,
            "test/rougeL": 0.10393910009911056,
            "test/rougeLsum": 0.11382445647163116,
            "test/runtime": 721.8884,
            "test/samples_per_second": 18.823,
            "test/steps_per_second": 0.589,
            "total_flos": 17407477033943040,
            "train/epoch": 3,
            "train/global_step": 10212,
            "train/grad_norm": 29148.46875,
            "train/learning_rate": 0.0000041715628672150414,
            "train/loss": 1.7613,